Num_Elementos,Tempo_Medio_Segundos
2000,0.0000392000
242000,0.0227157200
882000,0.0987695300
1922000,0.2237310900
3362000,0.4409130000