Num_Elementos,Tempo_Medio_Segundos
500,0.0000003948
18000,0.0000006822
60500,0.0000008378
128000,0.0000011701
220500,0.0000015373
338000,0.0000017854
480500,0.0000019162
648000,0.0000021231
840500,0.0000023114
1058000,0.0000023640