Num_Elementos,Tempo_Medio_Segundos
1000,0.0055706667
36000,1.8926140000
121000,12.9076990000
256000,44.1199453333
