Num_Elementos,Tempo_Medio_Segundos
100,0.0000032500
3600,0.0001565650
12100,0.0004323100
25600,0.0008621400
44100,0.0014809600
67600,0.0027244800
96100,0.0057838550
129600,0.0096280450
168100,0.0139579300
211600,0.0189361550