Num_Elementos,Tempo_Medio_Segundos
500,0.0000092950
18000,0.0004927900
60500,0.0020475150
128000,0.0092432200
220500,0.0200708150
338000,0.0336024250
480500,0.0499615850
648000,0.0697953800
840500,0.0928661750
1058000,0.1190563500