Num_Elementos,Tempo_Medio_Segundos
2000,0.0000004565
72000,0.0000008957
242000,0.0000016534
512000,0.0000019557
882000,0.0000023135
1352000,0.0000024500
1922000,0.0000026844
2592000,0.0000028622
3362000,0.0000030110
4232000,0.0000031498