Num_Elementos,Tempo_Medio_Segundos
100,0.0000574444
3600,0.0156693333
12100,0.1196801111
25600,0.4615294444
44100,1.0848951111
67600,2.0947228889