Num_Elementos,Tempo_Medio_Segundos
500,0.0018786667
18000,0.5440946667
60500,3.6991020000
128000,12.1611943333
220500,29.226045000