Num_Elementos,Tempo_Medio_Segundos
1000,0.0000004089
36000,0.0000008022
121000,0.0000013326
256000,0.0000016492
441000,0.0000019204
676000,0.0000022097
961000,0.0000023399
1296000,0.0000025613
1681000,0.0000025728
2116000,0.0000027556