Num_Elementos,Tempo_Medio_Segundos
100,0.0000816667
3600,0.1117623333
12100,1.2717686667
25600,5.6085433333
44100,16.9460353333