Num_Elementos,Tempo_Medio_Segundos
500,0.0023830000
2000,0.0414350000
4500,0.2089606667
8000,0.7266566667
12500,1.8058413333
18000,3.5676160000
24500,7.1425600000