Num_Elementos,Tempo_Medio_Segundos
1000,0.0115873333
4000,0.1627936667
9000,0.8213310000
16000,2.5132360000
25000,6.5001330000