Num_Elementos,Tempo_Medio_Segundos
2000,0.0000002156
72000,0.0000002218
242000,0.0000002786
512000,0.0000003374
882000,0.0000003494
1352000,0.0000003356
1922000,0.0000003826
2592000,0.0000003198
3362000,0.0000003832
4232000,0.0000003918