Num_Elementos,Tempo_Medio_Segundos
100,0.0000006100
3600,0.0000318100
12100,0.0001131700
25600,0.0002602000
44100,0.0004117100
67600,0.0008185800
96100,0.0019648300
129600,0.0025797100
168100,0.0033304000
211600,0.0042644800