Num_Elementos,Tempo_Medio_Segundos
1000,0.0000084200
36000,0.0004478200
121000,0.0021264900
256000,0.0051950100
441000,0.0086165100
676000,0.0132260600
961000,0.0189187600
1296000,0.0255662200
1681000,0.0334042700
2116000,0.0440760100